"comment_id","user","time","message","parent_id"
"lr8l8ps","randommusings5044","2024-10-10 11:52:19 UTC","Congratulations to Ms Han Kang! I have read three of her books - The Vegetarian, Human Acts and The White Book - of which Human Acts was my favourite. Sparse, powerful writing.Â ",""
"lr8gafl","GoodbyeMrP","2024-10-10 11:10:09 UTC","Everyone who predicted a woman from Asia was correct! Only I didn't see Han Kang mentioned a single time, so it's still somewhat surprising. I think it's the first time a South Korean author has won the prize too!",""
"lr8fgmk","Pangloss_ex_machina","2024-10-10 11:02:33 UTC","The Nobel Prize in Literature for 2024 is awarded to the South Korean author Han Kang,

> â€œfor her intense poetic prose that confronts historical traumas and exposes the fragility of human lifeâ€.",""
"lr8fwn5","Deleted","2024-10-10 11:06:39 UTC","I am soooo happy! Absolutely love everything she has written.",""
"lr8hywo","deobi02","2024-10-10 11:24:56 UTC","human acts is incredible!",""
"lr8tw93","ChevalMalFet","2024-10-10 12:56:05 UTC","Gwangju is my adopted hometown in Korea, it's so cool to see a native of the city winning recognition internationally. 

*Human Acts*, which describes the May 18 uprising in the city, is very haunting. The memory of the Uprising very much still infuses the city, and there's a lot of great museums and memorials if you ever find yourself in southwestern Korea. 

The film [*A Taxi Driver*](https://en.wikipedia.org/wiki/A_Taxi_Driver) also dramatizes the same events, and can give a lot of context to Han Kang's childhood and her writing about Gwangju.",""
"lr9fya5","AffectionateSugar10","2024-10-10 15:08:51 UTC","ì¶•í•˜ë“œë ¤ìš”! I'm Korean and I've only read her books in Korean. I'm curious about how they were translated into English and how they feel in a different language. That must have been a huge contribution to the prize.

Placed hold at my local library at 7AM, they are almost gone now :D",""
"lraocry","Only-Passenger6646","2024-10-10 19:08:55 UTC","I wish I could read Human Acts for the first time again. It has stayed with me all these years. So happy for Han Kang. 

Also, shout out to Deborah Smith, Han Kang's translator, for her expert craft. I was lucky to attend a book signing with both for The Vegetarian in London and I saw how closely they had worked on the English translation. They both cared so much. It was great to see.",""
"lr8g7jd","women_respecter1","2024-10-10 11:09:24 UTC","Well deserved. Iâ€™ve read the Vegetarian and the White Book, and both were good. I had no idea she was this old and accomplished though lol, I thought these were her two only books and she was like in her early 40â€™s ðŸ˜­ðŸ˜­",""
"lr8vk2p","WONBINISLOVE","2024-10-10 13:07:14 UTC","DESERVED!",""
"lr95u2a","emoduke101","2024-10-10 14:11:35 UTC","Enjoyed The Vegetarian and Human Acts, so well deserved",""
"lr8i9qa","bordeauxblues","2024-10-10 11:27:31 UTC","Oh, awesome! Loved and was moved by The White Book, itâ€™s truly something special.",""
"lr8z4q6","VeterinarianNaive958","2024-10-10 13:30:25 UTC","Well deserved. Ageless congratulations and 4000 claps from me in Dallas, Texas, USA.",""
"lr9pu22","priceQQ","2024-10-10 16:02:56 UTC","Had not heard of her until nowâ€”so thatâ€™s nice to add a new writer to the list",""
"lraofpp","baskeet","2024-10-10 19:09:21 UTC","The Vegetarian and The White Book are amazing reads!",""
"lr9iqak","I-Like-What-I-Like24","2024-10-10 15:24:12 UTC","I read the Vegeterian less than a month ago, and it was such an incredible read. I'm so glad for her win. Hopefully I will get to read Human Acts soon too",""
"lr8lx9i","mom_with_an_attitude","2024-10-10 11:57:46 UTC","Really? I guess I'm the odd man out in this thread. I read The Vegetarian. I did not love it.",""
"lr8s9z0","Necessary_Chip9934","2024-10-10 12:44:58 UTC","First thing I did when reading the headline in this morning's paper was to request her book ""The Vegetarian"" from the library before everyone woke up and did the same thing. It will be my first read of hers. Looking forward to it.

Congrats to her for the recognition.",""
"lr8naqi","imoinda","2024-10-10 12:08:33 UTC","Well-deserved!",""
"lrb7b8z","onlystudyy_","2024-10-10 20:49:21 UTC","That's so cool. Congrats to her! I remeber reading Human Acts after getting to know about the Gwangju massacre and to see the author winning the noble prize for literature a couple of days later is so amazing lol.",""
"lr8h1re","ElCaminoInTheWest","2024-10-10 11:16:54 UTC","The Vegetarian is absolutely brilliant. Kudos.",""
"lrcmk3s","mikapple","2024-10-11 02:02:55 UTC","People here are rightfully mentioning Human Acts as her best work in English but I wish there was more love for Greek Lessons!",""
"lrasbah","crimsonskychaser","2024-10-10 19:30:08 UTC","This is amazing, Iâ€™m so happy for her! Her books offer so much insight into the impact and alienating natures of trauma and resistance",""
"lr98aar","poorbegger","2024-10-10 14:25:40 UTC","I'm so happy she won! omg her books are amazing",""
"lraj8p7","OJimmy","2024-10-10 18:41:23 UTC","I barely read anymore and somehow I read her book.",""
"lrc14dr","Eottle","2024-10-10 23:48:19 UTC","Iâ€™m gonna be honest iâ€™ve never heard of her before - though I will happily check her works out!",""
"lr9am47","Deleted","2024-10-10 14:38:51 UTC","[deleted]",""
"lr8sjro","Marcothetacooo","2024-10-10 12:46:51 UTC","Which would you recommend to start with? And do you have a simple explanation of her strengths, themes and style?","lr8l8ps"
"lra0q4w","existential_dread35","2024-10-10 17:02:07 UTC","I am glad she won. But The Vegetarian was not a fun read. I still donâ€™t understand so many things about it. And that has discouraged me to pick her other books.","lr8l8ps"
"lrbrdez","n10w4","2024-10-10 22:47:13 UTC","yeah Human acts is great. On my list of best of the 21st century.","lr8l8ps"
"lrathyp","Smooth_Blue_3200","2024-10-10 19:36:31 UTC","What are the general themes of each book? Iâ€™m looking to get one or two of her books soon!","lr8l8ps"
"lxb666b","NoNutz_699669","2024-11-15 19:00:32 UTC","I second this. Absolutely loved human acts and her writing in that. The vegetarian left me In a paradox.","lr8l8ps"
"lr8lhd0","Millymanhobb","2024-10-10 11:54:12 UTC","I think a lot of people were assuming sheâ€™d be too young to win. I think I did see someone mention her, only to write her off and say sheâ€™d be a good winner in ten/fifteen years. Guess the prize givers decided they didnâ€™t want to wait.","lr8gafl"
"lr8gqal","Pangloss_ex_machina","2024-10-10 11:14:06 UTC","First time, indeed.

My copy of her books all have a seal of Literature Translation Institute of Korea. It is an example of how a country can successfully export its culture despite of the language.","lr8gafl"
"lr8vu9o","Brendanm132","2024-10-10 13:09:06 UTC","Believe she's also the second Korean after ê¹€ëŒ€ì¤‘ (Kim Dae-Jung) to win a nobel prize of any category.","lr8gafl"
"lrb7jky","Deleted","2024-10-10 20:50:34 UTC","[deleted]","lr8gafl"
"lr8h94w","__echo_","2024-10-10 11:18:41 UTC","What is your favourite ? I have only read \\`The Vegetarian\\` and it is very special for me.","lr8fwn5"
"lr9jgjc","Pvt-Snafu","2024-10-10 15:28:11 UTC","She really deserves recognition on the international stage.","lr8fwn5"
"lrb97wr","BettsBellingerCaruso","2024-10-10 20:59:27 UTC","My dad is from Gwangju, and even now there are a lot of right wing assholes who deny the Gwangju Massacre in Korea.

Their cope will be glorious and may Chun Doo Hwan burn in hell forever","lr8tw93"
"lrdwzyo","randommusings5044","2024-10-11 09:10:50 UTC","They read beautifully imo. She has such a quiet powerful style of writing, so balanced and conveys such depth. She also has such range.


Many congratulations on the first Nobel winner from Korea in the field of Literature!Â ","lr9fya5"
"lra8gta","60N20","2024-10-10 17:43:32 UTC","I've only read the vegetarian of hers, I looked for almost 10 years the book in Spanish, in my country, Chile, and in Argentina, I only found it in epub, but I don't have an e-reader and didn't want to read in my phone, so I ended up reading it in English, still was worth it, I really liked it, but here was also impossible to find her books","lr9fya5"
"lr8in2d","Deleted","2024-10-10 11:30:42 UTC","she is only 53yo","lr8g7jd"
"lr8is4t","pWasHere","2024-10-10 11:31:57 UTC","She is 53. Everyone I saw who mentioned her thought she was probably too young.","lr8g7jd"
"lr8uwda","wish_to_conquer_pain","2024-10-10 13:02:51 UTC","I just finished *Greek Lessons* and really enjoyed it, if you want to check out another!","lr8g7jd"
"lr8zzus","kixiron","2024-10-10 13:35:56 UTC","Based on the Nobel statement, I think it was *Human Acts* (which dealt with the Gwangju Massacre, definitely a ""historical trauma"") that gave Han Kang the Nobel, not *The Vegetarian*.

EDIT: The Academy seems to have also read *We Do Not Part*, which deals with the Jeju Uprising, in Swedish translation (since the English translation is not yet available until January 2025).","lr8lx9i"
"lr8mz3w","miwa201","2024-10-10 12:06:03 UTC","I didnâ€™t care for it either but human acts was much better","lr8lx9i"
"lrbrke2","n10w4","2024-10-10 22:48:27 UTC","same. but HumaN Acts is great.","lr8lx9i"
"lr9xroy","wasabi_weasel","2024-10-10 16:46:23 UTC","This took me by surprise too. Kudos to her for the award, but I didnâ€™t really gel with Greek Lessons and The Vegetarian wasnâ€™t a particularly memorable read for me either.Â 

Â Iâ€™ll happily give Human Acts a try though. Seems like that was the standout book that sealed the deal.Â  Â ","lr8lx9i"
"lr9ejbb","For_Grape_Justice","2024-10-10 15:00:55 UTC","It's not a pleasant read, but it's very quick. What I loved about this book is the amount of thinking it gave me. Could talk for hours about it and I also greatly enjoy reading people's thoughts on it.","lr8s9z0"
"lr9zt87","Myshkin1981","2024-10-10 16:57:15 UTC","Ko Un is a shitty sexual predator. My only small regret about Han Kang winning that that it ends the chances for Hwang Sok-yong. But Iâ€™m still immensely pleased with this selection","lr9am47"
"lrcn835","N8ThaGr8","2024-10-11 02:07:16 UTC","There's isn't a quota. Someone from Korea can still win m8","lr9am47"
"lr982w5","randommusings5044","2024-10-10 14:24:29 UTC","I started with The Vegetarian, good book imo though my favourite by her is Human Acts.Â 


Based on the three works I have read by her, I would say her strength and her style is sparse, almost clinical at times, and her eye for observation is very powerful.Â 


Be it chronicling modern Korean societal isolation or certain historical events, her storytelling has that element of transcending the specific place and striking a universal chord. The Vegetarian reminded me of Japanese author Sayaka Murata's work e.g. The Earthlings. Kang's work has elements of the surreal and it can also veer into the brutal quite unexpectedly.Â 


Another thing - she has range. All three works I have read by her have been very distinct in subject matter and authorial voice.Â ","lr8sjro"
"lr9vp3a","elouser","2024-10-10 16:35:11 UTC","The Vegetarian is unlike anything I've ever read. Really weird. Spent much of the novel thinking WTF. 4/5 would read again.","lr8sjro"
"lraadck","randommusings5044","2024-10-10 17:53:41 UTC","Not fun, bleak and brutal I would say.Â 
I understand not wanting to try more of her works, Human Acts is also powerful but very dark.Â ","lra0q4w"
"lrc1ai2","OptimisticOctopus8","2024-10-10 23:49:25 UTC","I'd be pretty surprised if anybody on the Nobel committee has ever given a single second of thought to fun when selecting winners.","lra0q4w"
"lrbmm6o","pinkthreadedwrist","2024-10-10 22:17:18 UTC","It's not meant to be fun, and it is a rough read. Not everyone likes that, and if it's not your thing, that's okay.","lra0q4w"
"lrdvfqa","randommusings5044","2024-10-11 08:52:09 UTC","Without going into too much detail:Â 
Â 
The Vegetarian is about how society stifles an individual, how we cannot let people be, even those near to us from the perspective of a young Korean lady. It then goes into surreal and slightly horrifying territory to explore the deeper implications.Â Â 


Â Human Acts is chronicling a tragedy that actually happened in contemporary Korean history through multiple perspectives. It is done in a very humane manner, this quiet strength emanates from the writing, feels very universal. Very beautiful and powerfully executed work.Â 
Â 
White Book is one I did not get but its a meditation on grief and different facets of the colour white as related to loss, while also processing a personal tragedy. If you have read and liked Yiyun Li's nonfiction work or Bluets by Maggie Nelson, this one might work for you.Â Â 


I haven't read Greek Lessons so I am unable to comment on that one.Â 



As many other posters have commented, We Do Not Part is coming out in early 2025. This is by a different translator duo (all 4 titles above available in English so far have been translated by Deborah Smith). I also saw a comment on r/literature in their thread commemorating the Nobel win that We Do Not Part is a worthy successor to Human Acts (which is my favourite by her so far).Â 
So this seems like an interesting title to pick up for multiple reasons. ðŸ˜","lrathyp"
"lr8pkj8","GoodbyeMrP","2024-10-10 12:25:36 UTC","I mean, she's not that much younger than Olga Torkaczuk (58), Mo Yan (57), Herta MÃ¼ller (56) or Elfride Jelnik (58), and she's the same age Orphan Pamuk was when he got it in 2006. All winners from the 21st century.


While age is certainly a factor, I think the Swedish Academy want to avoid solely awarding authors who are past their prime/doesn't publish anymore/are expected to die soon. (I write this as someone who desperately want Ngugi wa Thiong'o to win it before it is too late.)","lr8lhd0"
"lr8h82q","GoodbyeMrP","2024-10-10 11:18:26 UTC","South Korea has done such a great job of culture export in all artforms. Music, film, literature - quite extraordinary really.","lr8gqal"
"lradiuk","Honest-Situation4502","2024-10-10 18:10:36 UTC","my copy also has the seal of LTIK.  I thought the same thing","lr8gqal"
"lr8kknb","MaimedJester","2024-10-10 11:46:54 UTC","There's been plenty of Korean culture in at last United States and Canada.Â 


What shocked me was when these Korean Manwha/Webtoons and light novels started getting Japanese studio anime adaptations. I was like I wasÂ sure there's still tensions between these two countries culturally/politically for obvious reasons... But I guess anime and Otaku fans don't care Tower of God & Solo Leveling are just a good story in the same isekai Shonen genre Japanese Manga and anime are glutted with.Â ","lr8gqal"
"lrab5mm","nawabwa","2024-10-10 17:57:50 UTC","ê¹€ëŒ€ì¤‘. Not ì¦","lr8vu9o"
"lrdg3ps","CauliflowerWooden963","2024-10-11 05:57:48 UTC","I think it's mainly because there haven't been any yet. Han Kang is the first woman from Asia to be awarded the Nobel Prize in literature.","lrb7jky"
"lr8i6v7","Gryffindork75","2024-10-10 11:26:50 UTC","I read Human Acts and The Vegetarian around the same time and loved both, but Human Acts haunted me.","lr8h94w"
"lr8i90l","Deleted","2024-10-10 11:27:21 UTC","The Vegetarian is my favourite too. Human Acts is also extremely good and so is The White Book. She has so many novellas and short stories that I want to read but they haven't been translated.","lr8h94w"
"lr8id9a","Square_Ad_4806","2024-10-10 11:28:21 UTC","I love The White Book","lr8h94w"
"lrf3s4x","Juan_Jimenez","2024-10-11 14:46:15 UTC","In any case, there are spanish translations of her books: La Vegetariana y La Clase de Griego estÃ¡n disponibles (por Random House).","lra8gta"
"lr8kvi2","women_respecter1","2024-10-10 11:49:22 UTC","Damn! Thatâ€™s basically a baby in Nobel prize years","lr8in2d"
"lr8m0ux","MaimedJester","2024-10-10 11:58:34 UTC","Yeah the reason traditionally given is the Nobel prize is for an author's entire lifework not a single individual novel, short story or poem. It's not like best book of the year like with the Oscars best picture of 2023 goes to...Â  So usually they tend to pick authors later in life.Â  Although I gotta Say Murakami must be pissed right now, he's always been on the short list and he basically said this is my last novel. He's 75, so not like there's that much more time to give him the award.Â ","lr8is4t"
"lraensm","watermeloncake1","2024-10-10 18:16:45 UTC","What do you mean by sparse? Like her writing is scattered?","lr982w5"
"lrjmlnr","Deleted","2024-10-12 10:08:22 UTC","Her poems are good too.","lr982w5"
"lrcohou","existential_dread35","2024-10-11 02:15:32 UTC","â€˜Funâ€™ - the implication here is not to be laughs and frolics. I meant it wasnâ€™t quite a book one could read and decipher simultaneously.","lrbmm6o"
"lr9w1bu","Myshkin1981","2024-10-10 16:37:02 UTC","I think the â€œtoo youngâ€ argument is a function of her only becoming internationally well known around 2015/16, with the English language publication of *The Vegetarian*. 53 *is* young for a Nobel Laureate, but itâ€™s not *that* young. But since her international reputation only really started to grow less than a decade ago, people assume sheâ€™s young","lr8pkj8"
"lr8rwx0","Millymanhobb","2024-10-10 12:42:26 UTC","I was more explaining why she didnâ€™t come up much in discussions. Iâ€™m not sure what goes on in the minds of the Swedish Academy, but your idea about spreading out the ages of winners makes sense.","lr8pkj8"
"lr9g7m5","FarArdenlol","2024-10-10 15:10:19 UTC","whatâ€™s NgÅ©gÄ© wa Thiongâ€™oâ€™s best book in your opinion?","lr8pkj8"
"lrei759","squeakyrhino","2024-10-11 12:32:15 UTC","Plus if you go by her Korean age she's already 54 and will turn 55 in the new year. (and yes, I know the govt recently abolished that system but she was born in 1970 so it counts in my mind)","lr8pkj8"
"lrbr2df","valdezlopez","2024-10-10 22:45:17 UTC","The have an entire bureau dedicated to spreading South Korean culture, or Hallyu, throughout the globe.

Its called: KOCIS

[https://en.wikipedia.org/wiki/Korean\\_Culture\\_and\\_Information\\_Service](https://en.wikipedia.org/wiki/Korean_Culture_and_Information_Service)

So far so good! BTS and KPop, Parasite and SouthKorean films, K-dramas... They're exploded all over the world, and we're the better for it.","lr8h82q"
"lr8yrda","lefrench75","2024-10-10 13:28:02 UTC","They've invested a lot in gaining soft power through cultural export. The Korean government was actively pushing kimchi as a health food as well (and it's indeed healthy and delicious tbf).","lr8h82q"
"lr8nnzp","furutam","2024-10-10 12:11:23 UTC","it's not that surprising when you learn that the two cultures have a relationship going back more than many hundreds of years. After the Korean war, they used to publish Japanese manga and tell the readers that the authors were korean.","lr8kknb"
"lrbq09b","wakethenight","2024-10-10 22:38:34 UTC","Thatâ€™s mostly the boomer generation and older. The younger generation donâ€™t really care, at least the vast majority donâ€™t. Cosplay is very popular over there and there are multiple anime cons in the major cities every year/month.","lr8kknb"
"lrbj1o0","Brendanm132","2024-10-10 21:55:35 UTC","Yea typo. I'll edit.","lrab5mm"
"lr8x3fk","Sweaty-Refuse5258","2024-10-10 13:17:18 UTC","Human Acts is a tough read","lr8i6v7"
"lrdwna3","randommusings5044","2024-10-11 09:06:36 UTC","Looking forward to more translations of her work being announced hopefully.
E.g.Â  Look at Olga Tokarczuk, after her Nobel win, so many of her out of print works are being reissued which is really good. I think some new translations have been commissioned as well plus we got the English translation of her latest book (Empusium) very quickly. ðŸ˜


I also hope this sheds a spotlight on more deserving authors from East and South East Asia.","lr8i90l"
"lrggpz6","60N20","2024-10-11 19:13:01 UTC","yes, but I could never find a physical copy of la vegetariana, found it on English the first day I was looking though","lrf3s4x"
"lr8sh1a","Marcothetacooo","2024-10-10 12:46:20 UTC","I am fairly confident Murakami won't get the nobel prize ever, in comparison to the winners I feel like his books aren't there in terms of prose or particularly important themes. And Han Kang winning plus  Japanese authors already having some laureates hurts his chances.","lr8m0ux"
"lregu1d","squirrel_exceptions","2024-10-11 12:22:16 UTC","Murakami has long been speculated about by outsiders, but there's nothing really to indicate whether the committee has ever considered him at all.

I quite like Murakami, but Borges, Calvino and McCarthy would all have been more deserving winners imo.","lr8m0ux"
"lranb7y","DonnyTheWalrus","2024-10-10 19:03:12 UTC","Sparse prose is prose that is characterized by terseness, brevity, simplicity, lack of extraneous description or detail. You may describe Hemingway or McCarthy as sparse. There's a spectrum between ""sparse"" and ""lush."" 

In this context sparse means ""austere.""","lraensm"
"lrjnoip","randommusings5044","2024-10-12 10:20:48 UTC","I haven't read unfortunately as I could not find a translation in English - might be an oversight on my part.Â 


Any title you recommend or perhaps an upcoming translation?Â ","lrjmlnr"
"lrdvnoh","randommusings5044","2024-10-11 08:54:47 UTC","Fair. I agree that a lot of it was the atmosphere and then taking from that atmosphere. Sometimes some authors' voices do not click for us, don't worry about it imo.Â 


Human Acts is multi-POV and a little less surreal, maybe give that a go if you wish to give Kang's work another chance some day?Â ","lrcohou"
"lrffgha","pinkthreadedwrist","2024-10-11 15:50:24 UTC","Interesting. I found it's message incredibly clear.


I also do a lot of work/research on the body and how people use it to express themselves so it's basically exactly in my wheelhouse, though.","lrcohou"
"lr8t8to","GoodbyeMrP","2024-10-10 12:51:40 UTC","I was commenting on the faulty ""author is too young"" argument in general, not arguing with you :)Â 


Personally, I would probably have disregarded her too, but mostly because of the Academy's seeming reluctance to award it to authors who have had mainstream success - The Vegetarian was quite the phenomenon a handful of years ago.","lr8rwx0"
"lrdwb6s","randommusings5044","2024-10-11 09:02:37 UTC","Not the poster you asked but from my limited perusal of his oeuvre, I found Wizard and Crow to be his best work.Â ","lr9g7m5"
"lramivv","DonnyTheWalrus","2024-10-10 18:58:58 UTC","Shades of the Thai government encouraging the spread of Thai culture via programs encouraging their citizens to start up restaurants around the world.","lr8yrda"
"lr9x5h1","vzierdfiant","2024-10-10 16:43:04 UTC","Literally just copying the Japanese playbook","lr8yrda"
"lr8xgto","RichtersNeighbour","2024-10-10 13:19:43 UTC","I've never understood how Murakami got into the discussion of the Nobel Prize. There is absolutely 0 chance he'd ever receive it.","lr8sh1a"
"lr9kmwg","FarArdenlol","2024-10-10 15:34:41 UTC","This is true. I wonâ€™t go into his themes, but Murakamiâ€™s prose is super basic. Iâ€™m saying this as someone who enjoys his work. You will literally never find yourself rereading his sentences, heâ€™s incredibly easy to read. If his books werenâ€™t filled with so much sexual content Iâ€™d recommend them to literally everyone who is able to read.","lr8sh1a"
"lr8vr4p","MaimedJester","2024-10-10 13:08:31 UTC","Well I can't say much for magical realism prose in translation. Like Rushdie is easy for me to read because he wrote it in English. Kafka on the Shore I had a goddamn hard time trying to figure out what exact branch of Queer the Librarian was when they explained it. And that book was translated to English in 2002, back in the Don't Ask Don't Don't tell days.Â 


Turns out it's a very specific Japanese cultural queer position that is not in every LGBT culture in the West. Kinda like the infamous Ladyboys of Thailand being a unique cultural thing.Â 


So there's a major character in that novel that represents a very specific trans queer position unique to Japanese culture that I have to read though an English translation made to sell to Americans during the Bush Administration, and gayest main stream awareness that the general audience is aware of if Will & Grace or maybe Queer eye for the Straight Guy.Â 


Kafka trying to understand this characters position in society when they themselves have a hard time dealing with it is a pretty poignant and remarkable theme, especially given the era and cultural conservatism of both Japan and the Anglosphere as whole during that time period.Â ","lr8sh1a"
"lrfpk07","MaimedJester","2024-10-11 16:45:22 UTC","They have a rule against giving it posthumously. And all three of those are dead. I swear the only reason they tried to give Sartre the Nobel prize for literature (and the only cheeky bastard to turn it down) was because Camus died in a car crash.Â ","lregu1d"
"lrduqyd","randommusings5044","2024-10-11 08:43:58 UTC","Yes as u/DonnyTheWalrus said it means simple, very contained, not much ornate vocabulary or lush phrasing. Usually its a conscious authorial choice to convey a theme. McCarthy's The Road is a very interesting example of this. Ursula K Le Guin also has this way of writing in my opinion.Â ","lranb7y"
"lrjqnlt","Deleted","2024-10-12 10:53:41 UTC","[https://modernpoetryintranslation.com/poem/two-poems-by-han-kang/](https://modernpoetryintranslation.com/poem/two-poems-by-han-kang/)","lrjnoip"
"lr90vdq","PaulEammons","2024-10-10 13:41:28 UTC","The academy turned away from that policy when they awarded Bob Dylan lol.","lr8t8to"
"lr8x5ps","RichtersNeighbour","2024-10-10 13:17:42 UTC","I feel like the Academy has increasingly awarded the Prize to more well-known authors the last years. I saw some commentators joking about how getting the Booker Prize has become a prerequisite for also receiving the Nobel Prize.","lr8t8to"
"lre1lqp","FarArdenlol","2024-10-11 10:04:51 UTC","thank you

one critic described that book â€œlike a cross between a Pynchon novel and a Confederacy of Duncesâ€, which sounds great ngl.","lrdwb6s"
"lra3v65","lefrench75","2024-10-10 17:19:01 UTC","Nah the Japanese media industry is far more closed off - just check how easy it is to find Kpop on YouTube and Spotify compared to Jpop.

The Japanese market is big enough to sustain the media industry, whereas the Korean market is tiny so Korean media execs have always pushed towards international expansion. It's so normal for Kpop groups release music in Japanese and Chinese and they have done so for decades - how many Jpop groups do the same?","lr9x5h1"
"lr8zrdv","Marcothetacooo","2024-10-10 13:34:26 UTC","Murakami does have a big following online so Reddit is gonna be the place you hear that thrown around. Plenty of much stronger candidates with all time novels havenâ€™t gotten it (top of my head Cormac McCarthy unfortunately never got it before his death)","lr8xgto"
"lr9rtys","Marcothetacooo","2024-10-10 16:13:55 UTC","I feel like his depictions of women is definitely one of the hurdles for him to get a major literary award as time goes on","lr9kmwg"
"lrfsxxa","squirrel_exceptions","2024-10-11 17:03:24 UTC","I know, thatâ€™s why I listed these, sorry for the ambiguity; they are authors whom I think should have received the Nobel, but wonâ€™t since theyâ€™re dead. The living ones still have a shot.","lrfpk07"
"lrjx22a","randommusings5044","2024-10-12 11:54:00 UTC","Thank you so much!Â 


Edit: Ah this is so beautiful. Many thanks again. ðŸ™ðŸ½ðŸŒ·","lrjqnlt"
"lrbhoyl","vzierdfiant","2024-10-10 21:47:38 UTC","Japan has video games, manga, food, and anime

Korea has kpop and esports and is trying to develop other areas. Obviously it wouldnt make sense to compete in the same area for any export with a nearby neighbor, especially cultural exports","lra3v65"
"lrc0ajr","OptimisticOctopus8","2024-10-10 23:43:05 UTC","> Nah the Japanese media industry is far more closed off

Ah! I found the one human being who's never heard of anime! Welcome to society. It's a bit of a mess to be honest, but I hope you have fun.","lra3v65"
"lr90hj8","RichtersNeighbour","2024-10-10 13:39:05 UTC","But I feel I see his name almost every year, often one of the top candidates with the lowest odds at the bookmakers.","lr8zrdv"
"lrc1gkh","lefrench75","2024-10-10 23:50:29 UTC","Have you heard of... comparisons? ""Canada is bigger than the US"" doesn't mean ""the US is a small country"".","lrc0ajr"
"lr90z8d","Marcothetacooo","2024-10-10 13:42:09 UTC","Unless you get in a bubble of people online that actually go through the sorts of authors that the Nobel has gone to since 2000, most are just gonna say the authors that are popular with a reasonably long spanning career. But I think if you ask a good chunk of people online if they know the Nobel prize winners works, I think most would not have read or even heard of them imo","lr90hj8"
"lrdmtv2","n10w4","2024-10-11 07:10:13 UTC","wait, I could have been betting against him and winning big time cash every year?","lr90hj8"
"lrc4wfj","OptimisticOctopus8","2024-10-11 00:12:18 UTC","I'm sorry - it seems my comment came off as rude. I was trying to be funny and hoped the ""hope you have fun"" at the end would convey that it was a friendly joke, not an attempt to mock you. I was mistaken.","lrc1gkh"
"lrdpp09","RichtersNeighbour","2024-10-11 07:43:31 UTC","Big time cash only if you'd have bet big. Murakami not winning would of course still be low odds, even being the favourite to win the prize.","lrdmtv2"
"lrcp2sh","lefrench75","2024-10-11 02:19:18 UTC","Thank you for saying that.","lrc4wfj"
